,parameter,significant_percent
0,mu_Arew,100.0
1,mu_Apun,57.75775775775776
2,mu_R,74.17417417417418
3,mu_P,69.86986986986987
4,mu_xi,98.2982982982983
