,parameter,significant_percent
0,mu_Arew,100.0
1,mu_Apun,60.80402010050251
2,mu_R,77.38693467336684
3,mu_P,85.42713567839196
4,mu_xi,96.4824120603015
