,parameter,significant_percent
0,mu_Arew,98.09809809809809
1,mu_Apun,69.96996996996997
2,mu_R,80.08008008008008
3,mu_P,82.58258258258259
4,mu_xi,99.2992992992993
