,parameter,significant_percent
0,mu_Arew,49.549549549549546
1,mu_Apun,79.77977977977979
2,mu_R,59.65965965965966
3,mu_P,86.38638638638638
4,mu_xi,89.88988988988989
5,mu_d,56.35635635635635
