,parameter,significant_percent
0,mu_sigma_a,64.16416416416416
1,mu_sigma_n,13.813813813813812
2,mu_eta,34.034034034034036
3,mu_kappa,46.346346346346344
4,mu_beta,74.47447447447448
5,mu_bias,41.54154154154154
