,parameter,significant_percent
0,mu_sigma_a,81.98198198198197
1,mu_sigma_n,10.21021021021021
2,mu_eta,33.233233233233236
3,mu_kappa,38.03803803803804
4,mu_beta,87.28728728728728
5,mu_bias,39.63963963963964
