,parameter,significant_percent
0,mu_sigma_a,100.0
1,mu_sigma_n,11.90233977619532
2,mu_eta,23.950870010235413
3,mu_kappa,18.960244648318042
4,mu_beta,99.79591836734694
5,mu_bias,100.0
