,parameter,significant_percent
0,mu_sigma_a,45.44544544544545
1,mu_sigma_n,22.52252252252252
2,mu_eta,49.849849849849846
3,mu_kappa,55.75575575575576
4,mu_beta,69.46946946946947
5,mu_bias,58.15815815815816
